Run, Total, Start, End, Time
0, 5, 1747551711.5103085, 1747551734.7609484, 23.25063991546631
1, 5, 1747551734.7609766, 1747551755.6293893, 20.868412733078003
2, 5, 1747551755.6294174, 1747551778.9182625, 23.28884506225586
3, 5, 1747551778.9182932, 1747551801.1477902, 22.229496955871582
4, 5, 1747551801.1478565, 1747551821.7111435, 20.563287019729614