Run, Total, Start, End, Time
0, 5, 1747557079.2534652, 1747557092.9028168, 13.649351596832275
1, 5, 1747557092.902848, 1747557104.1647182, 11.26187014579773
2, 5, 1747557104.1647503, 1747557115.2173877, 11.052637338638306
3, 5, 1747557115.2174172, 1747557125.9573514, 10.739934206008911
4, 5, 1747557125.9573803, 1747557136.5671773, 10.60979700088501