Run, Total, Start, End, Time
0, 5, 1747503034.6482956, 1747503040.093248, 5.4449522495269775
1, 5, 1747503040.093285, 1747503044.5168777, 4.423592567443848
2, 5, 1747503044.516924, 1747503049.0932546, 4.576330661773682
3, 5, 1747503049.0932927, 1747503053.0963151, 4.0030224323272705
4, 5, 1747503053.096344, 1747503057.3750205, 4.278676509857178