Run, Total, Start, End, Time
0, 5, 1747503198.3934386, 1747503209.935442, 11.542003393173218
1, 5, 1747503209.935507, 1747503218.9289405, 8.993433475494385
2, 5, 1747503218.928972, 1747503226.355524, 7.426552057266235
3, 5, 1747503226.3555524, 1747503233.373325, 7.017772674560547
4, 5, 1747503233.3733568, 1747503240.3208072, 6.947450399398804