Run, Total, Start, End, Time
0, 5, 1747503400.563759, 1747503407.6617434, 7.097984313964844
1, 5, 1747503407.6617808, 1747503413.403121, 5.741340160369873
2, 5, 1747503413.403151, 1747503419.3017962, 5.8986451625823975
3, 5, 1747503419.301827, 1747503424.5017471, 5.199920177459717
4, 5, 1747503424.5017786, 1747503429.7864354, 5.284656763076782