Run, Total, Start, End, Time
0, 5, 1748004444.2937553, 1748004478.4913912, 34.197635889053345
1, 5, 1748004478.4914396, 1748004510.0657947, 31.574355125427246
2, 5, 1748004510.0658224, 1748004541.1124964, 31.046674013137817
3, 5, 1748004541.1125264, 1748004573.9328966, 32.82037019729614
4, 5, 1748004573.9329228, 1748004606.6110625, 32.67813968658447
Verification failed

32.4634349822998