Run, Total, Start, End, Time
0, 5, 1747731350.667605, 1747731383.1292212,  32.4616162776947
1, 5, 1747731383.1292546, 1747731411.8894153, 28.76016068458557
2, 5, 1747731411.8894422, 1747731440.661004,  28.771561861038208
3, 5, 1747731440.6610317, 1747731469.4483397, 28.78730797767639
4, 5, 1747731469.4483674, 1747731499.124742,  29.676374673843384

29.69140429496765