Run, Total, Start, End, Time
0, 5, 1748002091.4789603, 1748002096.5241601, 5.045199871063232
1, 5, 1748002096.5241919, 1748002100.8116121, 4.287420272827148
2, 5, 1748002100.811642, 1748002106.1898456,  5.378203630447388
3, 5, 1748002106.18989, 1748002111.0555012,   4.86561131477356
4, 5, 1748002111.0555732, 1748002115.8860414, 4.83046817779541

Failed
4.881380653381347