Run, Total, Start, End, Time
0, 5, 1747552291.0190253, 1747552351.2387578, 60.21973252296448
1, 5, 1747552351.2388098, 1747552403.822906,  52.5840961933136
2, 5, 1747552403.8229384, 1747552455.4424276, 51.61948919296265
3, 5, 1747552455.4424567, 1747552500.0898087, 44.64735198020935
4, 5, 1747552500.0898387, 1747552549.5323894, 49.44255065917969

51.70264410972595