Run, Total, Start, End, Time
0, 5, 1748005201.8681662, 1748005227.0166373, 25.148471117019653
1, 5, 1748005227.016665, 1748005249.5177515,  22.501086473464966
2, 5, 1748005249.5177765, 1748005270.5706942, 21.05291771888733
3, 5, 1748005270.5707192, 1748005292.2533152, 21.68259596824646
4, 5, 1748005292.2533422, 1748005312.9995425, 20.74620032310486
Verification failed
22.226254320144655