Run, Total, Start, End, Time
0, 5, 1747729855.8350425, 1747729875.185816,  19.350773572921753
1, 5, 1747729875.1858506, 1747729891.5520127, 16.366162061691284
2, 5, 1747729891.5520437, 1747729914.0010476, 22.44900393486023
3, 5, 1747729914.001076, 1747729928.945955,   14.944879055023193
4, 5, 1747729928.9459848, 1747729945.3591928, 16.4132080078125

17.90480532646179