Run, Total, Start, End, Time
0, 5, 1747736364.6960804, 1747737213.334583,  848.6385025978088
1, 5, 1747737213.3346257, 1747738040.1791384, 826.8445127010345
2, 5, 1747738040.179167, 1747738889.0645146,  848.8853476047516
3, 5, 1747738889.0645456, 1747739704.9882908, 815.9237451553345
4, 5, 1747739704.988322, 1747740507.9650018,  802.9766798019409

828.6537575721741