Run, Total, Start, End, Time
0, 5, 1747677488.8699896, 1747677538.064604,  49.19461441040039
1, 5, 1747677538.064635, 1747677580.7831595,  42.71852445602417
2, 5, 1747677580.783191, 1747677626.4369118,  45.65372085571289
3, 5, 1747677626.4369416, 1747677666.6096814, 40.1727397441864
4, 5, 1747677666.6097198, 1747677709.06296,   42.453240156173706

44.03856792449951