Run, Total, Start, End, Time
0, 5, 1747673026.3356278, 1747673395.4551158, 369.11948800086975
1, 5, 1747673395.4551475, 1747673779.7574806, 384.3023331165314
2, 5, 1747673779.7575173, 1747674154.0913355, 374.33381819725037
3, 5, 1747674154.0913732, 1747674527.0502033, 372.9588301181793
4, 5, 1747674527.0502367, 1747674893.622616,  366.57237935066223

373.4573697566986