Run, Total, Start, End, Time
0, 5, 1747678315.8703215, 1747678330.2336845, 14.363363027572632
1, 5, 1747678330.233721, 1747678341.3040285,  11.070307493209839
2, 5, 1747678341.3040597, 1747678352.7195432, 11.415483474731445
3, 5, 1747678352.719586, 1747678362.4727237,  9.753137826919556
4, 5, 1747678362.4727728, 1747678372.1273437, 9.654570817947388

11.251372528076171