Run, Total, Start, End, Time
0, 5, 1748001875.8567514, 1748001883.5805087, 7.723757266998291
1, 5, 1748001883.5805414, 1748001889.2434747, 5.662933349609375
2, 5, 1748001889.2435052, 1748001895.7287567, 6.485251426696777
3, 5, 1748001895.7287903, 1748001902.4664915, 6.737701177597046
4, 5, 1748001902.4665246, 1748001907.4598207, 4.993296146392822

Failed
6.320587873458862