Run, Total, Start, End, Time
0, 5, 1747668144.0604746, 1747668272.9104311, 128.84995651245117
1, 5, 1747668272.9104605, 1747668393.3895998, 120.47913932800293
2, 5, 1747668393.3896275, 1747668518.4424727, 125.05284523963928
3, 5, 1747668518.4425101, 1747668649.5407183, 131.09820818901062
4, 5, 1747668649.5407534, 1747668783.1715395, 133.63078618049622

127.82218708992005