Run, Total, Start, End, Time
0, 5, 1747588323.8716257, 1747588371.6445546, 47.772928953170776
1, 5, 1747588371.6446152, 1747588420.594694,  48.95007872581482
2, 5, 1747588420.594738, 1747588464.0573108,  43.46257281303406
3, 5, 1747588464.0573394, 1747588505.2925818, 41.23524236679077
4, 5, 1747588505.2926104, 1747588549.7431118, 44.450501441955566

45.1742648601532