Run, Total, Start, End, Time
0, 5, 1748005372.5902987, 1748005400.8481023,28.257803678512573
1, 5, 1748005400.84813, 1748005423.6606238,  22.812493801116943
2, 5, 1748005423.6606483, 1748005446.005127, 22.344478607177734
3, 5, 1748005446.0051541, 1748005468.914068, 22.9089138507843
4, 5, 1748005468.9140995, 1748005490.0782838,21.16418433189392
Verification failed

23.497574853897096
