Run, Total, Start, End, Time
0, 5, 1747731930.3995063, 1747731962.5709727, 32.17146635055542
1, 5, 1747731962.571009, 1747731991.8521402,  29.281131267547607
2, 5, 1747731991.8521664, 1747732020.2121835, 28.36001706123352
3, 5, 1747732020.2122123, 1747732049.6838396, 29.471627235412598
4, 5, 1747732049.6838686, 1747732077.104093,  27.42022442817688

29.340893268585205