Run, Total, Start, End, Time
0, 5, 1748002448.848269, 1748002454.2048547,  5.356585741043091
1, 5, 1748002454.204885, 1748002458.4657538,  4.260868787765503
2, 5, 1748002458.465787, 1748002462.5373785,  4.07159161567688
3, 5, 1748002462.5374048, 1748002466.5978334, 4.060428619384766
4, 5, 1748002466.5978625, 1748002470.3376737, 3.7398111820220947
Verification failed
4.297857189178467