Run, Total, Start, End, Time
0, 5, 1747731593.0479443, 1747731612.8463197, 19.798375368118286
1, 5, 1747731612.8463588, 1747731629.0049026, 16.158543825149536
2, 5, 1747731629.004939, 1747731644.5752366,  15.570297479629517
3, 5, 1747731644.5752676, 1747731662.1051388, 17.529871225357056
4, 5, 1747731662.1051686, 1747731677.3540587, 15.248890161514282

16.861195611953736