Run, Total, Start, End, Time
0, 5, 1748004767.0485454, 1748004800.2901504, 33.241605043411255
1, 5, 1748004800.2901793, 1748004832.6111217, 32.320942401885986
2, 5, 1748004832.6111662, 1748004862.8121712, 30.20100498199463
3, 5, 1748004862.8122272, 1748004894.7890904, 31.976863145828247
4, 5, 1748004894.7891598, 1748004927.244778,  32.455618143081665
Verification failed
32.039206743240356
