Run, Total, Start, End, Time
0, 5, 1747587993.342401, 1747588007.3070898,  13.964688777923584
1, 5, 1747588007.307117, 1747588020.7831662,  13.476049184799194
2, 5, 1747588020.783218, 1747588035.6516585,  14.868440628051758
3, 5, 1747588035.6516979, 1747588048.6510723, 12.999374389648438
4, 5, 1747588048.6511025, 1747588060.7370436, 12.085941076278687

13.478898811340333