Run, Total, Start, End, Time
0, 5, 1747667132.5938296, 1747667185.3303506, 52.73652100563049
1, 5, 1747667185.3303757, 1747667231.470024,  46.1396484375
2, 5, 1747667231.4700541, 1747667277.6912344, 46.22118020057678
3, 5, 1747667277.6912608, 1747667322.3481715, 44.65691065788269
4, 5, 1747667322.3481994, 1747667366.0429509, 43.694751501083374

46.68980236053467