Run, Total, Start, End, Time
0, 5, 1747675303.784352, 1747675691.273185,   387.48883295059204
1, 5, 1747675691.2732124, 1747676076.8511922, 385.5779798030853
2, 5, 1747676076.8512237, 1747676463.3751864, 386.52396273612976
3, 5, 1747676463.375227, 1747676835.9399595,  372.5647325515747
4, 5, 1747676835.9399889, 1747677215.7601461, 379.820157289505

382.3951330661774