Run, Total, Start, End, Time
0, 5, 1747669400.1035569, 1747669524.5289903, 124.42543339729309
1, 5, 1747669524.5290203, 1747669647.223688,  122.69466757774353
2, 5, 1747669647.2237175, 1747669774.4706845, 127.24696707725525
3, 5, 1747669774.470714, 1747669895.0058177,  120.53510355949402
4, 5, 1747669895.0058615, 1747670017.6816595, 122.67579793930054

123.51559391021729