Run, Total, Start, End, Time
0, 5, 1747741435.8939295, 1747742244.6906385,808.796709060669
1, 5, 1747742244.690671, 1747743082.6517825, 837.9611115455627
2, 5, 1747743082.6518133, 1747743937.517029, 854.8652157783508
3, 5, 1747743937.5170593, 1747744793.309893, 855.7928335666656
4, 5, 1747744793.3099217, 1747745628.112346, 834.8024241924286

838.4436588287354