Run, Total, Start, End, Time
0, 5, 1747588167.9291093, 1747588194.0392153, 26.110105991363525
1, 5, 1747588194.0392427, 1747588215.6137662, 21.574523448944092
2, 5, 1747588215.6137948, 1747588236.6482215, 21.03442668914795
3, 5, 1747588236.6482499, 1747588257.999167, 21.350917100906372
4, 5, 1747588257.9991946, 1747588280.6233056, 22.62411093711853