Run, Total, Start, End, Time
0, 5, 1747588095.1474288, 1747588106.5146365, 11.367207765579224
1, 5, 1747588106.5147603, 1747588117.041711, 10.52695083618164
2, 5, 1747588117.0417407, 1747588126.1209054, 9.079164743423462
3, 5, 1747588126.1209328, 1747588133.9949732, 7.874040365219116
4, 5, 1747588133.995001, 1747588142.053011, 8.05800986289978