Run, Total, Start, End, Time
0, 5, 1747551230.6302528, 1747551240.1532025, 9.522949695587158
1, 5, 1747551240.1532621, 1747551249.4003093, 9.247047185897827
2, 5, 1747551249.400339, 1747551256.436476, 7.036137104034424
3, 5, 1747551256.4365096, 1747551263.7776983, 7.341188669204712
4, 5, 1747551263.7777267, 1747551271.0746047, 7.296878099441528